https://www.google.com/maps/search/construction+in+toronto+canada/@43.7135521,-79.5845808,13.38z?authuser=0&entry=ttu&g_ep=EgoyMDI1MDYxNi4wIKXMDSoASAFQAw%3D%3D
https://www.google.com/maps/search/construction+in+toronto+canada/@43.7004134,-79.5119232,14.94z?authuser=0&entry=ttu&g_ep=EgoyMDI1MDYxNi4wIKXMDSoASAFQAw%3D%3D
https://www.google.com/maps/search/construction+in+toronto+canada/@43.6599264,-79.4497032,15.1z?authuser=0&entry=ttu&g_ep=EgoyMDI1MDYxNi4wIKXMDSoASAFQAw%3D%3D
https://www.google.com/maps/search/construction+in+toronto+canada/@43.6551324,-79.4155115,16.29z?authuser=0&entry=ttu&g_ep=EgoyMDI1MDYxNi4wIKXMDSoASAFQAw%3D%3D
https://www.google.com/maps/search/construction+in+toronto+canada/@43.6411922,-79.4390377,16.91z?authuser=0&entry=ttu&g_ep=EgoyMDI1MDYxNi4wIKXMDSoASAFQAw%3D%3D
https://www.google.com/maps/search/construction+in+toronto+canada/@43.6416158,-79.4147757,16.79z?authuser=0&entry=ttu&g_ep=EgoyMDI1MDYxNi4wIKXMDSoASAFQAw%3D%3D
https://www.google.com/maps/search/construction+in+toronto+canada/@43.6552164,-79.3899688,16.76z?authuser=0&entry=ttu&g_ep=EgoyMDI1MDYxNi4wIKXMDSoASAFQAw%3D%3D
https://www.google.com/maps/search/construction+in+toronto+canada/@43.6531613,-79.3641425,17.62z?authuser=0&entry=ttu&g_ep=EgoyMDI1MDYxNi4wIKXMDSoASAFQAw%3D%3D
https://www.google.com/maps/search/construction+in+toronto+canada/@43.6577934,-79.3575908,17.51z?authuser=0&entry=ttu&g_ep=EgoyMDI1MDYxNi4wIKXMDSoASAFQAw%3D%3D
https://www.google.com/maps/search/construction+in+toronto+canada/@43.7325296,-79.3609472,15.11z?authuser=0&entry=ttu&g_ep=EgoyMDI1MDYxNi4wIKXMDSoASAFQAw%3D%3D
https://www.google.com/maps/search/construction+in+toronto+canada/@43.8002044,-79.4071864,14.34z?authuser=0&entry=ttu&g_ep=EgoyMDI1MDYxNi4wIKXMDSoASAFQAw%3D%3D
https://www.google.com/maps/search/construction+in+toronto+canada/@43.8225165,-79.4034272,15.16z?authuser=0&entry=ttu&g_ep=EgoyMDI1MDYxNi4wIKXMDSoASAFQAw%3D%3D
https://www.google.com/maps/search/construction+in+toronto+canada/@43.8125089,-79.4534654,15.13z?authuser=0&entry=ttu&g_ep=EgoyMDI1MDYxNi4wIKXMDSoASAFQAw%3D%3D
https://www.google.com/maps/search/construction+in+toronto+canada/@43.7887775,-79.4731265,15.58z?authuser=0&entry=ttu&g_ep=EgoyMDI1MDYxNi4wIKXMDSoASAFQAw%3D%3D
https://www.google.com/maps/search/construction+in+toronto+canada/@43.7854464,-79.4999654,15.75z?authuser=0&entry=ttu&g_ep=EgoyMDI1MDYxNi4wIKXMDSoASAFQAw%3D%3D
https://www.google.com/maps/search/construction+in+toronto+canada/@43.7686713,-79.5217736,14.74z?authuser=0&entry=ttu&g_ep=EgoyMDI1MDYxNi4wIKXMDSoASAFQAw%3D%3D
https://www.google.com/maps/search/construction+in+toronto+canada/@43.7478646,-79.5168392,15.35z?authuser=0&entry=ttu&g_ep=EgoyMDI1MDYxNi4wIKXMDSoASAFQAw%3D%3D
https://www.google.com/maps/search/construction+in+toronto+canada/@43.7866973,-79.4204635,16.56z?authuser=0&entry=ttu&g_ep=EgoyMDI1MDYxNi4wIKXMDSoASAFQAw%3D%3D