name,type,phone,address,website,map_url,rating,review_count
Real Canadian Property Management Professionals Inc.,Property management company,+1 306-244-7276,· 3335 Unit D Wells Ave,https://professionals.realpm.ca/,https://www.google.com/maps/place/Real+Canadian+Property+Management+Professionals+Inc./data=!4m7!3m6!1s0x5304f689ee323c71:0xe5621c868cd75a1!8m2!3d52.1858814!4d-106.6490958!16s%2Fg%2F11b77fjvm4!19sChIJcTwy7on2BFMRoXXNaMghVg4?authuser=0&hl=en&rclk=1,4.2,198
Citysearch Rental Network Inc.,Property management company,+1 403-777-1770,· ,https://www.citysearchcalgary.com/,https://www.google.com/maps/place/Citysearch+Rental+Network+Inc./data=!4m7!3m6!1s0x53717002ad3257d3:0x11de9dea1702c9c!8m2!3d51.0349152!4d-114.0721563!16s%2Fg%2F1tg_ws4k!19sChIJ01cyrQJwcVMRnCxwod7pHQE?authuser=0&hl=en&rclk=1,4.5,558
Property Management Toronto,Property management company,+1 416-451-9499,· 457 Richmond St W Unit 100,http://www.propertymanagementto.com/,https://www.google.com/maps/place/Property+Management+Toronto/data=!4m7!3m6!1s0x89d4cb3265188591:0x30f32044dd1b9927!8m2!3d43.6475472!4d-79.397422!16s%2Fg%2F12617l11x!19sChIJkYUYZTLL1IkRJ5kb3UQg8zA?authuser=0&hl=en&rclk=1,4.2,302
ICC Property Management Toronto,Property management company,+1 647-559-4322,· ,https://iccpropertymanagement.com/markham/,https://www.google.com/maps/place/ICC+Property+Management+Toronto/data=!4m7!3m6!1s0x89d4d470f4a2d7c7:0x1b30fe525b57b375!8m2!3d43.8302693!4d-79.3561154!16s%2Fg%2F1q62n5dqg!19sChIJx9ei9HDU1IkRdbNXW1L-MBs?authuser=0&hl=en&rclk=1,4.0,478
Royal York Property Management - Brampton,Property management company,+1 289-748-2998,· ,https://royalyorkpropertymanagement.ca/brampton-owners,https://www.google.com/maps/place/Royal+York+Property+Management+-+Brampton/data=!4m7!3m6!1s0x882b3f71eeb2fd9d:0xa459cbf15461950a!8m2!3d43.6841072!4d-79.7623222!16s%2Fg%2F11qntwc2rb!19sChIJnf2y7nE_K4gRCpVhVPHLWaQ?authuser=0&hl=en&rclk=1,4.6,498
Royal York Property Management - London,Property management company,+1 226-777-6095,· 151 York St Unit B,https://royalyorkpropertymanagement.ca/london-owners,https://www.google.com/maps/place/Royal+York+Property+Management+-+London/data=!4m7!3m6!1s0x882ef3bb078edff5:0xa21c648bd27ec939!8m2!3d42.9809!4d-81.2492!16s%2Fg%2F11tjn03lr7!19sChIJ9d-OB7vzLogROcl-0otkHKI?authuser=0&hl=en&rclk=1,4.7,343
Emerald Management & Realty Ltd,Property management company,+1 403-237-8600,· ,https://www.emeraldmanagement.com/,https://www.google.com/maps/place/Emerald+Management+%26+Realty+Ltd/data=!4m7!3m6!1s0x53716fe0af8f512b:0x567f50db1ac973cc!8m2!3d51.04428!4d-114.0860386!16s%2Fg%2F1tczk4fn!19sChIJK1GPr-BvcVMRzHPJGttQf1Y?authuser=0&hl=en&rclk=1,3.9,636
Royal York Property Management - North American HQ,Property management company,(833) 666-3306,· ,http://www.royalyorkpropertymanagement.ca/,https://www.google.com/maps/place/Royal+York+Property+Management+-+North+American+HQ/data=!4m7!3m6!1s0x89d4cdb5501a7987:0x8bfac4836cbbc81f!8m2!3d43.7185581!4d-79.3374875!16s%2Fg%2F11tsmd1h3b!19sChIJh3kaULXN1IkRH8i7bIPE-os?authuser=0&hl=en&rclk=1,4.4,"1,450"
Property Management Partners,Property management company,+1 416-642-1404,· 3048A Bloor St W Unit 1,https://service.realpm.ca/,https://www.google.com/maps/place/Property+Management+Partners/data=!4m7!3m6!1s0x882b365481a2437b:0x8560d98b1d9af669!8m2!3d43.647171!4d-79.5128707!16s%2Fg%2F1vq9mxyq!19sChIJe0OigVQ2K4gRafaaHYvZYIU?authuser=0&hl=en&rclk=1,4.2,416
Royal York Property Management - Hamilton,Property management company,+1 289-678-1743,· ,https://royalyorkpropertymanagement.ca/Hamilton-owners/,https://www.google.com/maps/place/Royal+York+Property+Management+-+Hamilton/data=!4m7!3m6!1s0x882c9b59a31a7659:0xc28be686dd585088!8m2!3d43.2537753!4d-79.86954!16s%2Fg%2F11qn7fg1v2!19sChIJWXYao1mbLIgRiFBY3Ybmi8I?authuser=0&hl=en&rclk=1,4.4,262
Royal York Property Management - Vaughan,Property management company,+1 905-677-7517,· 400 Applewood Crescent Suite #100,https://royalyorkpropertymanagement.ca/vaughan-owners,https://www.google.com/maps/place/Royal+York+Property+Management+-+Vaughan/data=!4m7!3m6!1s0x882b2f534d0da101:0x623d6c7aafab3b5c!8m2!3d43.8040112!4d-79.5407355!16s%2Fg%2F11pqcdg18n!19sChIJAaENTVMvK4gRXDurr3psPWI?authuser=0&hl=en&rclk=1,4.5,168
Royal York Property Management - Burlington,Property management company,+1 289-266-1609,· ,https://royalyorkpropertymanagement.ca/burlington-owners,https://www.google.com/maps/place/Royal+York+Property+Management+-+Burlington/data=!4m7!3m6!1s0x882b617354a5b4f1:0xe46ae53cde03285f!8m2!3d43.3964131!4d-79.7597249!16s%2Fg%2F11lkj1m8ny!19sChIJ8bSlVHNhK4gRXygD3jzlauQ?authuser=0&hl=en&rclk=1,4.8,289
Royal York Property Management - Mississauga,Property management company,+1 289-246-1266,"· East Tower, Suite # 501, 77 City Centre Dr",https://royalyorkpropertymanagement.ca/mississauga-owners,https://www.google.com/maps/place/Royal+York+Property+Management+-+Mississauga/data=!4m7!3m6!1s0x882b47d53c7e200f:0xeade8dbf55976b87!8m2!3d43.592427!4d-79.638055!16s%2Fg%2F11vdsfm_1q!19sChIJDyB-PNVHK4gRh2uXVb-N3uo?authuser=0&hl=en&rclk=1,4.8,274
Park Place Properties,Property management company,+1 647-930-0892,· 20 Maud St Unit #301,https://parkpl.co/toronto,https://www.google.com/maps/place/Park+Place+Properties/data=!4m7!3m6!1s0x882b359b2afba0b7:0x98e612a659d5a7fa!8m2!3d43.6464254!4d-79.4000034!16s%2Fg%2F11gy78cx78!19sChIJt6D7Kps1K4gR-qfVWaYS5pg?authuser=0&hl=en&rclk=1,4.9,82
Royal York Property Management - Ottawa,Property management company,+1 613-690-8374,· ,https://royalyorkpropertymanagement.ca/ottawa-owners/,https://www.google.com/maps/place/Royal+York+Property+Management+-+Ottawa/data=!4m7!3m6!1s0x4cce0501316520c3:0x5fb91e5b19488ef0!8m2!3d45.4211822!4d-75.696571!16s%2Fg%2F11lgm9kyvm!19sChIJwyBlMQEFzkwR8I5IGVseuV8?authuser=0&hl=en&rclk=1,4.4,130
Royal York Property Management - Kitchener,Property management company,+1 226-499-5629,· 290 King St E,https://royalyorkpropertymanagement.ca/kitchener-owners/,https://www.google.com/maps/place/Royal+York+Property+Management+-+Kitchener/data=!4m7!3m6!1s0x882bf53233e50dfb:0x334f379ccbe87d76!8m2!3d43.4478784!4d-80.4841427!16s%2Fg%2F11qn7fp_b_!19sChIJ-w3lMzL1K4gRdn3oy5w3TzM?authuser=0&hl=en&rclk=1,4.3,222
LandLord Property & Rental Management Inc.,Property management company,+1 416-462-3800,· ,https://landlord.net/,https://www.google.com/maps/place/LandLord+Property+%26+Rental+Management+Inc./data=!4m7!3m6!1s0x882b34ae5f634b85:0xe3fe4bb541b2ac59!8m2!3d43.6680654!4d-79.3453499!16s%2Fg%2F113jwwz8j!19sChIJhUtjX640K4gRWayyQbVL_uM?authuser=0&hl=en&rclk=1,4.5,269
Royal York Property Management - Markham,Property management company,+1 289-800-6124,· ,https://royalyorkpropertymanagement.ca/markham-owners/,https://www.google.com/maps/place/Royal+York+Property+Management+-+Markham/data=!4m7!3m6!1s0x89d4d320b837c219:0x928f1ad05cbfe687!8m2!3d43.8142885!4d-79.350345!16s%2Fg%2F11mvp773xy!19sChIJGcI3uCDT1IkRh-a_XNAaj5I?authuser=0&hl=en&rclk=1,4.3,86
Royal York Property Management - Waterloo,Property management company,+1 226-499-7484,· 22 King St S Suite #300,https://royalyorkpropertymanagement.ca/waterloo-owners/,https://www.google.com/maps/place/Royal+York+Property+Management+-+Waterloo/data=!4m7!3m6!1s0x882bf13817a0ebeb:0x19e375e02e90ee63!8m2!3d43.4646841!4d-80.5219078!16s%2Fg%2F11lgm6bhr2!19sChIJ6-ugFzjxK4gRY-6QLuB14xk?authuser=0&hl=en&rclk=1,4.2,50
Royal York Property Management - Oakville,Property management company,+1 289-835-7517,· 700 Third Line,https://royalyorkpropertymanagement.ca/oakville-owners,https://www.google.com/maps/place/Royal+York+Property+Management+-+Oakville/data=!4m7!3m6!1s0x882b5de6b345f0f5:0x45bf204def3ae472!8m2!3d43.4203056!4d-79.7212253!16s%2Fg%2F11lgm7bkq8!19sChIJ9fBFs-ZdK4gRcuQ6700gv0U?authuser=0&hl=en&rclk=1,4.6,134
Royal York Property Management - Barrie,Property management company,+1 705-712-0662,· ,https://royalyorkpropertymanagement.ca/barrie-owners,https://www.google.com/maps/place/Royal+York+Property+Management+-+Barrie/data=!4m7!3m6!1s0x882aa3314e7e990b:0x455c16154fef0e39!8m2!3d44.3384887!4d-79.6971267!16s%2Fg%2F11ql_4vj83!19sChIJC5l-TjGjKogROQ7vTxUWXEU?authuser=0&hl=en&rclk=1,4.5,101
Quay Pacific Property Management Ltd,Property management company,+1 604-521-0876,· 535 Front St,http://quaypacific.com/,https://www.google.com/maps/place/Quay+Pacific+Property+Management+Ltd/data=!4m7!3m6!1s0x5485d86dbe33faa3:0xf84a9454373bbeec!8m2!3d49.2031128!4d-122.9070125!16s%2Fg%2F1tdbqkkm!19sChIJo_ozvm3YhVQR7L47N1SUSvg?authuser=0&hl=en&rclk=1,3.9,359
Diamond Property Management Group,Property management company,+1 647-680-7892,· 1 King St W Suite 4800-42,http://www.dpmg.ca/,https://www.google.com/maps/place/Diamond+Property+Management+Group/data=!4m7!3m6!1s0x89d4cb9d5d39e0b9:0xc6d5ca0b009b7624!8m2!3d43.6488576!4d-79.3781453!16s%2Fg%2F11jbmglrw2!19sChIJueA5XZ3L1IkRJHabAAvK1cY?authuser=0&hl=en&rclk=1,4.8,22
Unison Property Management,Property management company,+1 403-219-3000,· ,https://www.unisonpropertymanagement.ca/?utm_source=Google&utm_medium=GMB,https://www.google.com/maps/place/Unison+Property+Management/data=!4m7!3m6!1s0x5371705762e66f1b:0xb28ec9a795441528!8m2!3d51.0031281!4d-114.0666478!16s%2Fg%2F1tff78sh!19sChIJG2_mYldwcVMRKBVElafJjrI?authuser=0&hl=en&rclk=1,4.5,443
AA Property Management Ltd,Property management company,+1 604-207-2002,"· suite 136, 4299 Canada Wy",http://aaproperty.ca/,https://www.google.com/maps/place/AA+Property+Management+Ltd/data=!4m7!3m6!1s0x548675243aaebe39:0xde1550ac78e49627!8m2!3d49.2551868!4d-123.0088731!16s%2Fg%2F1tf6rh4g!19sChIJOb6uOiR1hlQRJ5bkeKxQFd4?authuser=0&hl=en&rclk=1,2.5,52
Royal York Property Management - Richmond Hill,Property management company,+1 289-269-2314,· ,https://royalyorkpropertymanagement.ca/richmond-hill-owners/,https://www.google.com/maps/place/Royal+York+Property+Management+-+Richmond+Hill/data=!4m7!3m6!1s0x882b2bdb7b38e71f:0x1f12dcafbf4a6fbd!8m2!3d43.862089!4d-79.381161!16s%2Fg%2F11qn7g9p9j!19sChIJH-c4e9srK4gRvW9Kv6_cEh8?authuser=0&hl=en&rclk=1,4.5,39
Qterra Property Management,Property management company,+1 647-559-9919,· 251 Consumers Rd #1200,https://www.qterrapropertymanagement.com/,https://www.google.com/maps/place/Qterra+Property+Management/data=!4m7!3m6!1s0x89d4d373262892d9:0xd6711e07eb1ed4d!8m2!3d43.7702161!4d-79.3306122!16s%2Fg%2F11sf6rt7tp!19sChIJ2ZIoJnPT1IkRTe2xfuARZw0?authuser=0&hl=en&rclk=1,4.2,223
Power Properties,Property management company,+1 403-509-0040,· 2308 24 St SW #7,https://www.powerproperties.net/,https://www.google.com/maps/place/Power+Properties/data=!4m7!3m6!1s0x53716e2a6107eae9:0x2555466caa7497db!8m2!3d51.0334364!4d-114.1172879!16s%2Fg%2F1tfcsx8x!19sChIJ6eoHYSpucVMR25d0qmxGVSU?authuser=0&hl=en&rclk=1,4.2,505
Davies Property Management,Property management company,+1 780-484-2866,· 10114 156 St NW #203,http://www.daviesmanagement.com/,https://www.google.com/maps/place/Davies+Property+Management/data=!4m7!3m6!1s0x53a020de31b66649:0xde9fce2a11632085!8m2!3d53.5419624!4d-113.5906179!16s%2Fg%2F1tdwvcj1!19sChIJSWa2Md4goFMRhSBjESrOn94?authuser=0&hl=en&rclk=1,4.1,564
Greater Vancouver Tenant & Property Management Ltd.,Property management company,+1 604-398-4047,· 3771 Bartlett Ct,https://www.gvantpm.com/,https://www.google.com/maps/place/Greater+Vancouver+Tenant+%26+Property+Management+Ltd./data=!4m7!3m6!1s0x548679cf18fb4859:0xe8279f1922583d82!8m2!3d49.2499865!4d-122.8987173!16s%2Fg%2F11gjtz6bf8!19sChIJWUj7GM95hlQRgj1YIhmfJ-g?authuser=0&hl=en&rclk=1,4.6,490
Ottawa Property Management & Real Estate Ltd.,Property management company,+1 613-909-6151,· 440 Laurier Ave W #200,https://specialists.realpm.ca/,https://www.google.com/maps/place/Ottawa+Property+Management+%26+Real+Estate+Ltd./data=!4m7!3m6!1s0x4cce07ba837b6057:0xb76bf9b612bfdd4b!8m2!3d45.4167053!4d-75.7028328!16s%2Fg%2F11ghs_mnnb!19sChIJV2B7g7oHzkwRS92_Erb5a7c?authuser=0&hl=en&rclk=1,5.0,105
Vada Property Management,Property management company,+1 604-736-6478,· ,https://vadapm.com/,https://www.google.com/maps/place/Vada+Property+Management/data=!4m7!3m6!1s0x548673d6ef23c585:0x6bf11e98ad59fc1a!8m2!3d49.2659055!4d-123.0102525!16s%2Fg%2F1tddxg7c!19sChIJhcUj79ZzhlQRGvxZrZge8Ws?authuser=0&hl=en&rclk=1,4.5,288
Infinity Property Management,Property management company,+1 647-693-6476,· 386 Eglinton Ave W,N/A,https://www.google.com/maps/place/Infinity+Property+Management/data=!4m7!3m6!1s0x882b33948db2a369:0xb27bb0466bf7911!8m2!3d43.7044267!4d-79.4100409!16s%2Fg%2F11fsrf6sqc!19sChIJaaOyjZQzK4gREXm_ZgS7Jws?authuser=0&hl=en&rclk=1,4.4,24
Rent Panda,Property management company,+1 437-294-9101,"· Centre for Green Cities, 550 Bayview Ave",https://rentpanda.ca/,https://www.google.com/maps/place/Rent+Panda/data=!4m7!3m6!1s0x4d592381fadaaefb:0xc159684ef53b094a!8m2!3d43.6850108!4d-79.3649284!16s%2Fg%2F11c753lbzd!19sChIJ-67a-oEjWU0RSgk79U5oWcE?authuser=0&hl=en&rclk=1,4.4,206
Vancouver Rental Group,Property management company,+1 604-537-4399,· 1428 W 7th Ave,https://www.vancouverrentalgroup.ca/?utm_source=google&utm_medium=gbp,https://www.google.com/maps/place/Vancouver+Rental+Group/data=!4m7!3m6!1s0x548673c64993c62b:0xc41698ae88c479e4!8m2!3d49.2650792!4d-123.1367972!16s%2Fg%2F11f1226pdn!19sChIJK8aTScZzhlQR5HnEiK6YFsQ?authuser=0&hl=en&rclk=1,4.6,35
Royal York Property Management - Pickering Ajax,Property management company,+1 289-255-1310,· 190 Harwood Ave S,https://royalyorkpropertymanagement.ca/pickering-owners,https://www.google.com/maps/place/Royal+York+Property+Management+-+Pickering+Ajax/data=!4m7!3m6!1s0x89d4df804e8d9c8b:0x8742e96305ba4dfc!8m2!3d43.8486927!4d-79.022214!16s%2Fg%2F11qn7h0x6s!19sChIJi5yNToDf1IkR_E26BWPpQoc?authuser=0&hl=en&rclk=1,4.5,159
Goldview Property Management,Property management company,+1 416-630-1234,· 51 Toro Rd,http://www.goldview.ca/,https://www.google.com/maps/place/Goldview+Property+Management/data=!4m7!3m6!1s0x882b31e24ca0339d:0xefc7ea9a026eafa2!8m2!3d43.7606024!4d-79.4850693!16s%2Fg%2F1hc2d0pd9!19sChIJnTOgTOIxK4gRoq9uAprqx-8?authuser=0&hl=en&rclk=1,4.6,428
Pacific West,Property management company,+1 604-685-5951,· 421 Pacific St,http://www.pacificwestpm.ca/,https://www.google.com/maps/place/Pacific+West/data=!4m7!3m6!1s0x548673d11c37345b:0xb3f9ad3f278d6baf!8m2!3d49.2733175!4d-123.1260814!16s%2Fg%2F11fxvtf8ms!19sChIJWzQ3HNFzhlQRr2uNJz-t-bM?authuser=0&hl=en&rclk=1,4.8,69
Mareka Property Management,Property management company,+1 416-255-7300,· 278 Manitoba St,https://www.marekapm.com/,https://www.google.com/maps/place/Mareka+Property+Management/data=!4m7!3m6!1s0x882b3616f011ecdf:0xf8e1644669ef848!8m2!3d43.6242129!4d-79.4893994!16s%2Fg%2F1trplv8w!19sChIJ3-wR8BY2K4gRSPieZkQWjg8?authuser=0&hl=en&rclk=1,3.1,106
Dexter Property Management,Property management company,+1 604-689-8226,· 1399 Homer St,http://dexterpm.ca/,https://www.google.com/maps/place/Dexter+Property+Management/data=!4m7!3m6!1s0x548673d11e70ecf3:0x3ff4f30b4cb19d3c!8m2!3d49.2734588!4d-123.1259863!16s%2Fg%2F11c0qf_jyq!19sChIJ8-xwHtFzhlQRPJ2xTAvz9D8?authuser=0&hl=en&rclk=1,5.0,39
Upper Edge Property Management,Property management company,+1 204-415-6200,· 1090 Waverley St #101,https://www.winnipegpropertymanagement.ca/,https://www.google.com/maps/place/Upper+Edge+Property+Management/data=!4m7!3m6!1s0x52ea755c258a892f:0xab9a61dfc7156977!8m2!3d49.8372864!4d-97.1788145!16s%2Fg%2F11h3dd4f6t!19sChIJL4mKJVx16lIRd2kVx99hmqs?authuser=0&hl=en&rclk=1,4.0,412
Sawera Property Management,Property management company,+1 647-703-5988,· 2152 Lawrence Ave E #105,http://www.saweraproperty.ca/,https://www.google.com/maps/place/Sawera+Property+Management/data=!4m7!3m6!1s0x89d4cff8dd42c661:0x8c8d234bea771efc!8m2!3d43.7476284!4d-79.2859543!16s%2Fg%2F11hzn3fqb5!19sChIJYcZC3fjP1IkR_B536ksjjYw?authuser=0&hl=en&rclk=1,5.0,22
Amhurst Property Management Ltd,Property management company,+1 403-237-0477,· ,https://www.amhurst.net/,https://www.google.com/maps/place/Amhurst+Property+Management+Ltd/data=!4m7!3m6!1s0x53716fe44301fd27:0x2681d0c21e34289e!8m2!3d51.0480219!4d-114.0783481!16s%2Fg%2F1tctrbf0!19sChIJJ_0BQ-RvcVMRnig0HsLQgSY?authuser=0&hl=en&rclk=1,4.0,107
Prowess Property Management Inc.,Property management company,+1 587-570-7355,· 500 4 Ave SW #2500,https://prowessproperty.ca/,https://www.google.com/maps/place/Prowess+Property+Management+Inc./data=!4m7!3m6!1s0x53716f9f70b7abf5:0x38f726caaccb18dc!8m2!3d51.0498788!4d-114.07204!16s%2Fg%2F11q4mb3bhw!19sChIJ9au3cJ9vcVMR3BjLrMom9zg?authuser=0&hl=en&rclk=1,4.9,26
Vancouver Property Management VPM Group RE/MAX,Property management company,+1 778-300-7910,· ,http://vpmgroup.ca/homepage,https://www.google.com/maps/place/Vancouver+Property+Management+VPM+Group+RE%2FMAX/data=!4m7!3m6!1s0x5486715893858a93:0xb25e70fdfb3d8a49!8m2!3d49.3335997!4d-123.0886081!16s%2Fg%2F11hzs993dv!19sChIJk4qFk1hxhlQRSYo9-_1wXrI?authuser=0&hl=en&rclk=1,4.9,97
Performance Property Management,Property management company,+1 416-645-3755,· 51 Wolseley St,https://performancepropertymanagement.ca/,https://www.google.com/maps/place/Performance+Property+Management/data=!4m7!3m6!1s0x882b34dd8425ef55:0x739fdf9d4afedbf!8m2!3d43.6481382!4d-79.4023582!16s%2Fg%2F1vv2swdl!19sChIJVe8lhN00K4gRv-2v1Pn9OQc?authuser=0&hl=en&rclk=1,4.0,171
Richmond Property Management,Property management company,+1 519-981-2015,· 1214 Ottawa St #102,http://www.richmondpm.ca/,https://www.google.com/maps/place/Richmond+Property+Management/data=!4m7!3m6!1s0x883b2d5e0b347139:0xfb6c42f79d1739f4!8m2!3d42.3098355!4d-83.0133585!16s%2Fg%2F11kqgw0vdd!19sChIJOXE0C14tO4gR9DkXnfdCbPs?authuser=0&hl=en&rclk=1,4.9,83
Elite Property Management Inc.,Property management company,+1 416-623-1999,· ,N/A,https://www.google.com/maps/place/Elite+Property+Management+Inc./data=!4m7!3m6!1s0x882b3520b2e624cd:0x6e7a8af2393be37a!8m2!3d43.6403562!4d-79.3973312!16s%2Fg%2F11g9vp7w7y!19sChIJzSTmsiA1K4gReuM7OfKKem4?authuser=0&hl=en&rclk=1,2.7,43
Condo1 Property Management Inc,Property management company,+1 905-226-6361,· 30 Eglinton Ave W,https://www.condo1.ca/,https://www.google.com/maps/place/Condo1+Property+Management+Inc/data=!4m7!3m6!1s0x882b40bd67cddc19:0x310f4becfa359da!8m2!3d43.6057368!4d-79.65292!16s%2Fg%2F11bv6l9cpg!19sChIJGdzNZ71AK4gR2lmjz770EAM?authuser=0&hl=en&rclk=1,4.8,72
HomeLife Property Management BC,Property management company,+1 604-900-3656,· 1920 152 St #1,http://homelifepropertyrentals.ca/,https://www.google.com/maps/place/HomeLife+Property+Management+BC/data=!4m7!3m6!1s0x5485dbd6abc87609:0x9adf88227d9928da!8m2!3d49.0366695!4d-122.8009865!16s%2Fg%2F11h6dbc77j!19sChIJCXbIq9bbhVQR2iiZfSKI35o?authuser=0&hl=en&rclk=1,4.8,63
Welcome Home Management,Property management company,(855) 375-3300,· 111 Fourth Ave Suite 139,http://www.welcomehomepropertymanagement.ca/,https://www.google.com/maps/place/Welcome+Home+Management/data=!4m7!3m6!1s0x89d3513473a1c6d5:0xae2e40df2c943bd3!8m2!3d43.1565732!4d-79.2633507!16s%2Fg%2F11h2pxbmx9!19sChIJ1cahczRR04kR0zuULN9ALq4?authuser=0&hl=en&rclk=1,4.5,318
New Leaf - Property Management Calgary,Property management company,+1 403-910-6480,· 5149 Country Hills Blvd NW Unit 234 Suite 104,https://www.newleafpropertymanagement.ca/?utm_source=google&utm_medium=GMB,https://www.google.com/maps/place/New+Leaf+-+Property+Management+Calgary/data=!4m7!3m6!1s0x537168971bd441f1:0x73606ba2b350658b!8m2!3d51.1373758!4d-114.1583924!16s%2Fg%2F11hbfkt1ws!19sChIJ8UHUG5docVMRi2VQs6JrYHM?authuser=0&hl=en&rclk=1,3.6,49
Greater Vancouver Tenant & Property Management Ltd.,Property management company,+1 604-398-4047,· 328 W Hastings St #300,http://www.gvantpm.com/,https://www.google.com/maps/place/Greater+Vancouver+Tenant+%26+Property+Management+Ltd./data=!4m7!3m6!1s0x5486714bdeb24a85:0xfd6fc427304f528f!8m2!3d49.2830194!4d-123.1105903!16s%2Fg%2F11tgbvtpmb!19sChIJhUqy3ktxhlQRj1JPMCfEb_0?authuser=0&hl=en&rclk=1,4.6,231
Realty Canada Inc,Property management company,+1 780-434-2222,· 9711 45th Ave NW #200,http://www.realtycan.com/,https://www.google.com/maps/place/Realty+Canada+Inc/data=!4m7!3m6!1s0x53a018cc0b420631:0x341a6f0662d0d12!8m2!3d53.4829537!4d-113.4809473!16s%2Fg%2F1trxdcww!19sChIJMQZCC8wYoFMREg0tZvCmQQM?authuser=0&hl=en&rclk=1,3.6,68
Rancho Management Services (B.C.) Ltd.,Property management company,+1 604-684-4508,· ,http://www.ranchovan.com/,https://www.google.com/maps/place/Rancho+Management+Services+%28B.C.%29+Ltd./data=!4m7!3m6!1s0x548673d48c794b4f:0x9bccae2d2838b863!8m2!3d49.2788639!4d-123.1261971!16s%2Fg%2F1tfhz8jp!19sChIJT0t5jNRzhlQRY7g4KC2uzJs?authuser=0&hl=en&rclk=1,3.6,"1,527"
CMG Toronto Property Management - Toronto / Ajax / Markham / Pickering / Durham / GTA,Property management company,+1 437-828-0060,· +1 437-828-0060,https://cmgtoronto.com/,https://www.google.com/maps/place/CMG+Toronto+Property+Management+-+Toronto+%2F+Ajax+%2F+Markham+%2F+Pickering+%2F+Durham+%2F+GTA/data=!4m7!3m6!1s0x89d4d2a02c487aa1:0x8f63fe83ae7a9ec1!8m2!3d43.901344!4d-79.2986321!16s%2Fg%2F1tlnffd7!19sChIJoXpILKDS1IkRwZ56roP-Y48?authuser=0&hl=en&rclk=1,4.4,28
Modern Property Management Calgary,Property management company,+1 403-971-4300,· 4550 112 Ave SE #8,http://www.mpmcalgary.com/,https://www.google.com/maps/place/Modern+Property+Management+Calgary/data=!4m7!3m6!1s0x5371836dde4c443d:0xbba9d2f0fa528c45!8m2!3d50.9521067!4d-113.9705489!16s%2Fg%2F11hzc04m42!19sChIJPURM3m2DcVMRRYxS-vDSqbs?authuser=0&hl=en&rclk=1,5.0,41
Real Property Management Gateway,Property management company,+1 416-829-7037,· 5000 Yonge St Suite 1901,https://www.rpmgateway.ca/?cid=LSTL_RPM-CA000284&utm_source=gmb&utm_campaign=local&utm_medium=organic,https://www.google.com/maps/place/Real+Property+Management+Gateway/data=!4m7!3m6!1s0x882b2d6ff396eebf:0x9d939f2978d5be1b!8m2!3d43.76602!4d-79.4124!16s%2Fg%2F11ggb9v83g!19sChIJv-6W828tK4gRG77VeCmfk50?authuser=0&hl=en&rclk=1,4.5,25
Peninsula Property Management,Property management company,+1 604-536-0220,· ,https://www.rentinfo.ca/,https://www.google.com/maps/place/Peninsula+Property+Management/data=!4m7!3m6!1s0x5485c49db9e05ddb:0x3aceadc22898c4a9!8m2!3d49.03684!4d-122.801521!16s%2Fg%2F1tzzv5sj!19sChIJ213guZ3EhVQRqcSYKMKtzjo?authuser=0&hl=en&rclk=1,4.8,520
Buttonwood Property Management,Property management company,+1 416-835-7191,· 2 St Clair Ave W 18th Floor,https://buttonwood.ca/?utm_source=Google&utm_medium=GMB&utm_campaign=Map,https://www.google.com/maps/place/Buttonwood+Property+Management/data=!4m7!3m6!1s0x882b3527ffbca785:0xe225974622225f02!8m2!3d43.6883013!4d-79.3946163!16s%2Fg%2F1ydpvbp30!19sChIJhae8_yc1K4gRAl8iIkaXJeI?authuser=0&hl=en&rclk=1,4.9,99
Buttonwood Property Management,Property management company,+1 416-835-7191,· 2 St Clair Ave W 18th Floor,https://buttonwood.ca/?utm_source=Google&utm_medium=GMB&utm_campaign=Map,https://www.google.com/maps/place/Buttonwood+Property+Management/data=!4m7!3m6!1s0x882b3527ffbca785:0xe225974622225f02!8m2!3d43.6883013!4d-79.3946163!16s%2Fg%2F1ydpvbp30!19sChIJhae8_yc1K4gRAl8iIkaXJeI?authuser=0&hl=en&rclk=1,4.9,99
Ray's Property Management,Property management company,+1 416-645-5932,· 1200 Bay St. #202,http://rentwithrpm.ca/,https://www.google.com/maps/place/Ray%27s+Property+Management/data=!4m7!3m6!1s0x8b6c9245cfa6df3f:0x888a2f528170e73!8m2!3d43.6700141!4d-79.3898016!16s%2Fg%2F11qh5gz52c!19sChIJP9-mz0WSbIsRcw4XKPWiiAg?authuser=0&hl=en&rclk=1,4.5,8
Ottawa VIP Property Management,Property management company,+1 613-701-0639,· Dunham St,https://www.ovippm.com/,https://www.google.com/maps/place/Ottawa+VIP+Property+Management/data=!4m7!3m6!1s0x4cce0fc31ce36da7:0x625b0818e6d0f357!8m2!3d45.4372575!4d-75.6067057!16s%2Fg%2F12lss2st7!19sChIJp23jHMMPzkwRV_PQ5hgIW2I?authuser=0&hl=en&rclk=1,4.8,56
Paradigm Management,Property management company,+1 416-613-8866,· 270 Wellington St W,http://www.paradigmmanagement.net/,https://www.google.com/maps/place/Paradigm+Management/data=!4m7!3m6!1s0x882b35e3803f0ff9:0x4998f6a234d2b3c3!8m2!3d43.6451346!4d-79.3907953!16s%2Fg%2F11jggrzjqv!19sChIJ-Q8_gOM1K4gRw7PSNKL2mEk?authuser=0&hl=en&rclk=1,4.9,33
CANADIAN COMMERCIAL PROPERTY MANAGEMENT CORP,Property management company,+1 289-799-9609,· 411 Guelph Line,http://ccpmc.ca/,https://www.google.com/maps/place/CANADIAN+COMMERCIAL+PROPERTY+MANAGEMENT+CORP/data=!4m7!3m6!1s0x882b602b595668f5:0x77a206ef9d38663f!8m2!3d43.3380787!4d-79.7838178!16s%2Fg%2F11g0jd76c2!19sChIJ9WhWWStgK4gRP2Y4ne8Gonc?authuser=0&hl=en&rclk=1,N/A,N/A
West Coast Property Management,Property management company,+1 604-914-2135,· 8333 Eastlake Dr Unit 208,http://www.westcoastpm.ca/,https://www.google.com/maps/place/West+Coast+Property+Management/data=!4m7!3m6!1s0x5485d3d9169f04ef:0x162bf0e6ca455803!8m2!3d49.2595013!4d-122.9229265!16s%2Fg%2F11g0tppsnn!19sChIJ7wSfFtnThVQRA1hFyubwKxY?authuser=0&hl=en&rclk=1,4.1,147
Vancouver Rent It,Property management company,+1 604-865-6060,"· Coldwell Banker Prestige Realty, 638 Broughton St #310",http://www.vancouverrentit.com/,https://www.google.com/maps/place/Vancouver+Rent+It/data=!4m7!3m6!1s0x54867186f69a04f9:0x410a18bb6e9f5be8!8m2!3d49.2893508!4d-123.1273503!16s%2Fg%2F11clsht_0t!19sChIJ-QSa9oZxhlQR6FufbrsYCkE?authuser=0&hl=en&rclk=1,4.6,100
Alberta Property Management Solutions Inc,Property management company,+1 780-715-7270,· 262 Gregoire Dr,http://www.albertamanagement.com/,https://www.google.com/maps/place/Alberta+Property+Management+Solutions+Inc/data=!4m7!3m6!1s0x53b008b5bdc6ead3:0xdad5754bcc42fc81!8m2!3d56.6793186!4d-111.348904!16s%2Fg%2F113j9r69d!19sChIJ0-rGvbUIsFMRgfxCzEt11do?authuser=0&hl=en&rclk=1,2.4,20
C-Era Property Management & Realty,Property management company,+1 403-266-0240,· 6010 12 St SE Suite B,https://associaonline.com/locations/c-era-property-management-realty?utm_source=gmb&utm_medium=Yext&y_source=1_Mjc2NjU4MTUtNzE1LWxvY2F0aW9uLndlYnNpdGU%3D,https://www.google.com/maps/place/C-Era+Property+Management+%26+Realty/data=!4m7!3m6!1s0x53717abb32a38c01:0x614848e4a442ed16!8m2!3d50.9991893!4d-114.0339934!16s%2Fg%2F1td9q64t!19sChIJAYyjMrt6cVMRFu1CpORISGE?authuser=0&hl=en&rclk=1,3.6,371
Woodsview Property Management,Property management company,(833) 582-5998,· 21 Washington St,http://www.woodsviewpm.com/,https://www.google.com/maps/place/Woodsview+Property+Management/data=!4m7!3m6!1s0x89d53108b1dadf65:0xf69e9075e194aec7!8m2!3d43.8760515!4d-79.2589248!16s%2Fg%2F11ghs9z1w2!19sChIJZd_asQgx1YkRx66U4XWQnvY?authuser=0&hl=en&rclk=1,5.0,1
Renaissance Property Management,Property management company,(888) 574-5093,· 74 Cedar Pointe Dr #1007,http://www.rpmkey.com/,https://www.google.com/maps/place/Renaissance+Property+Management/data=!4m7!3m6!1s0x40569624d0e698f5:0x77c4f190bc4f6ef8!8m2!3d44.3831452!4d-79.7125964!16s%2Fg%2F1pt_6dsgp!19sChIJ9Zjm0CSWVkAR-G5PvJDxxHc?authuser=0&hl=en&rclk=1,4.5,90
"Forbes Property Management - Ottawa,Canada",Property management company,+1 613-261-7147,· +1 613-261-7147,https://forbespropertymanagement.com/index.html,"https://www.google.com/maps/place/Forbes+Property+Management+-+Ottawa,Canada/data=!4m7!3m6!1s0x4cce043e1e3255e5:0xb9101770a714cf1d!8m2!3d45.2501566!4d-75.8002569!16s%2Fg%2F12cnws5w9!19sChIJ5VUyHj4EzkwRHc8Up3AXELk?authuser=0&hl=en&rclk=1",N/A,N/A
City Sites Property Management Inc.,Property management company,+1 905-232-1260,· 4 Robert Speck Pkwy Suite 380,http://www.citysitesmanagement.com/,https://www.google.com/maps/place/City+Sites+Property+Management+Inc./data=!4m7!3m6!1s0x882b473b27ca2b5b:0x3c16ef9e1331d971!8m2!3d43.597306!4d-79.63602!16s%2Fg%2F11hbnmwmr7!19sChIJWyvKJztHK4gRcdkxE57vFjw?authuser=0&hl=en&rclk=1,3.4,196
Greenleaf Property Management,Property management company,+1 403-407-1901,· 7015 Macleod Trl SW #210,http://greenleafpropertymanagement.ca/,https://www.google.com/maps/place/Greenleaf+Property+Management/data=!4m7!3m6!1s0x53716e2fbcd34a49:0x23a6bbcdbab5e0c!8m2!3d50.9912535!4d-114.0732255!16s%2Fg%2F11g6l_jblt!19sChIJSUrTvC9ucVMRDF6r27xrOgI?authuser=0&hl=en&rclk=1,3.5,340
Access Toronto Property Management,Property management company,+1 416-666-9868,· 45 Harbour Square,http://www.accesstorontopm.com/contact,https://www.google.com/maps/place/Access+Toronto+Property+Management/data=!4m7!3m6!1s0x89d4cb2a8c9f516b:0xa78750b66bd8c7a4!8m2!3d43.6405745!4d-79.3773649!16s%2Fg%2F11q21v2y98!19sChIJa1GfjCrL1IkRpMfYa7ZQh6c?authuser=0&hl=en&rclk=1,4.2,19
Vancouver Rental Properties - Sutton Group West Coast Realty,Property management company,+1 778-985-7368,· 801 Marine Dr #100,http://www.vancouverrentalproperties.com/,https://www.google.com/maps/place/Vancouver+Rental+Properties+-+Sutton+Group+West+Coast+Realty/data=!4m7!3m6!1s0x54867025d8f179fd:0x487609344cacd4c3!8m2!3d49.3204918!4d-123.0949968!16s%2Fg%2F1tgg9nld!19sChIJ_Xnx2CVwhlQRw9SsTDQJdkg?authuser=0&hl=en&rclk=1,4.8,35
HRS PROPERTY MANAGEMENT,Property management company,+1 226-978-0101,· 188 King St N Unit 101,http://hrsproperty.com/,https://www.google.com/maps/place/HRS+PROPERTY+MANAGEMENT/data=!4m7!3m6!1s0x882bf3fbd1249f13:0x3f9a254b9d095d6c!8m2!3d43.4733643!4d-80.5240063!16s%2Fg%2F11hd758c6x!19sChIJE58k0fvzK4gRbF0JnUslmj8?authuser=0&hl=en&rclk=1,2.3,395
Executives Property Management,Property management company,+1 236-766-1118,"· Millcreek Crossing, 1912 Enterprise Way #302",http://rpmexecutives.ca/,https://www.google.com/maps/place/Executives+Property+Management/data=!4m7!3m6!1s0x537d8b576e44fe95:0xec0ef5950d8ce4c9!8m2!3d49.884684!4d-119.4537216!16s%2Fg%2F11f7654yyq!19sChIJlf5EbleLfVMRyeSMDZX1Duw?authuser=0&hl=en&rclk=1,4.2,77
Melbourne Property Management Inc.,Property management company,+1 416-546-2126,· 1244 Caledonia Rd Suite 100,http://www.melbournepm.ca/,https://www.google.com/maps/place/Melbourne+Property+Management+Inc./data=!4m7!3m6!1s0x882b332ad9d4b811:0x1115ac8d2a4199f1!8m2!3d43.7202285!4d-79.4692063!16s%2Fg%2F11lg1k2gyk!19sChIJEbjU2SozK4gR8ZlBKo2sFRE?authuser=0&hl=en&rclk=1,3.6,109
Royal Property Management,Property management company,+1 613-969-1144,· ,http://royalpm.ca/,https://www.google.com/maps/place/Royal+Property+Management/data=!4m7!3m6!1s0x89d63aceb50c226b:0x17ab0dff086511d0!8m2!3d44.1471424!4d-77.407206!16s%2Fg%2F1tdvw906!19sChIJayIMtc461okR0BFlCP8Nqxc?authuser=0&hl=en&rclk=1,2.6,35
Principle Property Management,Property management company,+1 416-840-5565,"· WaterPark Place, 20 Bay St. 11th Floor",http://www.principlepropertymanagement.ca/,https://www.google.com/maps/place/Principle+Property+Management/data=!4m7!3m6!1s0x89d4cb555950c51b:0x93887a1014a59014!8m2!3d43.6417492!4d-79.3775133!16s%2Fg%2F11rqgwqmlp!19sChIJG8VQWVXL1IkRFJClFBB6iJM?authuser=0&hl=en&rclk=1,4.8,34
Accent Property Management,Property management company,+1 250-542-1533,· 3304 32nd Ave,https://www.accentpm.ca/,https://www.google.com/maps/place/Accent+Property+Management/data=!4m7!3m6!1s0x537dd8c250088769:0x18606431fdb62559!8m2!3d50.2652285!4d-119.2759975!16s%2Fg%2F1vm_xkbl!19sChIJaYcIUMLYfVMRWSW2_TFkYBg?authuser=0&hl=en&rclk=1,3.7,14
Property Management Toronto - Sider Property Management Company,Property management company,+1 647-668-5467,· 714 The West Mall #710,https://siderpropertymanagement.com/,https://www.google.com/maps/place/Property+Management+Toronto+-+Sider+Property+Management+Company/data=!4m7!3m6!1s0x882b382d4bc66857:0xc2dcc588f1e6eaa6!8m2!3d43.6569048!4d-79.5704131!16s%2Fg%2F11hgjfdty4!19sChIJV2jGSy04K4gRpurm8YjF3MI?authuser=0&hl=en&rclk=1,3.0,2
DEL Property Management Inc.,Property management company,+1 416-661-3151,· 4800 Dufferin St,http://www.delpropertymanagement.com/,https://www.google.com/maps/place/DEL+Property+Management+Inc./data=!4m7!3m6!1s0x882b2de03b866d13:0x417f51bb92476ef1!8m2!3d43.778545!4d-79.4700061!16s%2Fg%2F1tfv5rq9!19sChIJE22GO-AtK4gR8W5HkrtRf0E?authuser=0&hl=en&rclk=1,2.1,298
Vantage Property Management Ltd.,Property management company,+1 519-642-4343,· 980 Adelaide St S Unit 205,https://www.vantageproperty.ca/,https://www.google.com/maps/place/Vantage+Property+Management+Ltd./data=!4m7!3m6!1s0x882ef374cdadf743:0x4b582d726e097a0d!8m2!3d42.9357728!4d-81.2064078!16s%2Fg%2F1v3lqln8!19sChIJQ_etzXTzLogRDXoJbnItWEs?authuser=0&hl=en&rclk=1,4.0,66
Medallion Capital Group - Property Management Toronto,Property management company,+1 647-495-6892,· 74 Jutland Rd #32,https://medcapassets.com/,https://www.google.com/maps/place/Medallion+Capital+Group+-+Property+Management+Toronto/data=!4m7!3m6!1s0x882b37ae8067dc17:0xdeecbe204cd7a48!8m2!3d43.6282888!4d-79.5221334!16s%2Fg%2F11bbygq26m!19sChIJF9xngK43K4gRSHrNBOLL7g0?authuser=0&hl=en&rclk=1,4.3,26
One Key Property Management,Property management company,+1 604-670-0267,· 222 Main St W,http://www.onekeypropertymanagement.com/,https://www.google.com/maps/place/One+Key+Property+Management/data=!4m7!3m6!1s0x882c9b3e2578d123:0xfb0fda3792da2b37!8m2!3d43.2579171!4d-79.879077!16s%2Fg%2F11hdw972hr!19sChIJI9F4JT6bLIgRNyvakjfaD_s?authuser=0&hl=en&rclk=1,4.7,42
WEmanageURproperties,Property management company,+1 416-578-3151,· 69 Beresford Ave,https://www.wemanageurproperties.ca/,https://www.google.com/maps/place/WEmanageURproperties/data=!4m7!3m6!1s0x20588f81eb5d8739:0xfd489b51364b2354!8m2!3d43.6479721!4d-79.4757743!16s%2Fg%2F11s36rbmb6!19sChIJOYdd64GPWCARVCNLNlGbSP0?authuser=0&hl=en&rclk=1,5.0,12
JDN Property Management,Property management company,+1 519-951-7226,· ,http://www.jdnpropertys.com/,https://www.google.com/maps/place/JDN+Property+Management/data=!4m7!3m6!1s0x882eed9223e379b9:0x7afbe3907ad2a483!8m2!3d43.0039491!4d-81.2247089!16s%2Fg%2F11c0py_vwq!19sChIJuXnjI5LtLogRg6TSepDj-3o?authuser=0&hl=en&rclk=1,3.9,320
Capital Management Ltd,Property management company,+1 780-428-6511,"· 104 street 9747 NW, 9747 104 Street NW #309",http://www.capmanagement.ca/,https://www.google.com/maps/place/Capital+Management+Ltd/data=!4m7!3m6!1s0x53a0223f4761bb21:0xa7dc5813312065bf!8m2!3d53.5353018!4d-113.4988594!16s%2Fg%2F1vlqpwwc!19sChIJIbthRz8ioFMRv2UgMRNY3Kc?authuser=0&hl=en&rclk=1,1.7,11
Westminster Property Management Corporation,Property management company,+1 905-707-6110,· 411 Confederation Pkwy Unit 9,https://www.westminstercorp.ca/,https://www.google.com/maps/place/Westminster+Property+Management+Corporation/data=!4m7!3m6!1s0x882b2f9b138a7823:0x9b33cf500406c377!8m2!3d43.832872!4d-79.492856!16s%2Fg%2F11l6jjk977!19sChIJI3iKE5svK4gRd8MGBFDPM5s?authuser=0&hl=en&rclk=1,5.0,3
The Rental Lifestyle Group,Property management company,+1 416-340-9676,· 49 St Clair Ave W #101,https://www.rentallifestyle.com/,https://www.google.com/maps/place/The+Rental+Lifestyle+Group/data=!4m7!3m6!1s0x882b334ff76c9261:0x1eb0bd388b73f509!8m2!3d43.687393!4d-79.3959182!16s%2Fg%2F1hc0v498k!19sChIJYZJs908zK4gRCfVzizi9sB4?authuser=0&hl=en&rclk=1,4.4,25
Prime Property Management,Property management company,+1 780-538-2980,· 10015 102 St,http://www.gpprime.net/,https://www.google.com/maps/place/Prime+Property+Management/data=!4m7!3m6!1s0x5390914b28d148d5:0xf9e31be894703562!8m2!3d55.1714112!4d-118.8010491!16s%2Fg%2F1x5qsgbz!19sChIJ1UjRKEuRkFMRYjVwlOgb4_k?authuser=0&hl=en&rclk=1,2.9,124
Pacific Quorum Properties Inc.,Property management company,+1 604-635-0260,· ,https://pacificquorum.com/surrey-bc-property-management/?utm_source=GMB&utm_medium=organic&utm_campaign=surrey,https://www.google.com/maps/place/Pacific+Quorum+Properties+Inc./data=!4m7!3m6!1s0x5485da2e88456a13:0xef618b91dc15dcf5!8m2!3d49.1912905!4d-122.8416491!16s%2Fg%2F1w0j3wzt!19sChIJE2pFiC7ahVQR9dwV3JGLYe8?authuser=0&hl=en&rclk=1,3.8,152
Icon Property Management,Property management company,+1 416-236-7979,· ,https://iconpm.ca/,https://www.google.com/maps/place/Icon+Property+Management/data=!4m7!3m6!1s0x882b37d63bd92e97:0x19f828df4a850f4e!8m2!3d43.6156364!4d-79.5230614!16s%2Fg%2F11b5wmmr0p!19sChIJly7ZO9Y3K4gRTg-FSt8o-Bk?authuser=0&hl=en&rclk=1,4.1,398
Eastern Ontario Property Management Group,Property management company,+1 613-918-0145,· 26 Broad St,https://www.eopmg.com/contact,https://www.google.com/maps/place/Eastern+Ontario+Property+Management+Group/data=!4m7!3m6!1s0x4cce05ae59f8d9e7:0xad54c667cc4c0fc0!8m2!3d44.5887297!4d-75.6834643!16s%2Fg%2F11p0prx9yb!19sChIJ59n4Wa4FzkwRwA9MzGfGVK0?authuser=0&hl=en&rclk=1,2.5,23
Ottawa Property Managers,Property management company,+1 613-319-2447,"· 49, 4338 Innes Rd",http://www.ottawapropertymanagers.com/,https://www.google.com/maps/place/Ottawa+Property+Managers/data=!4m7!3m6!1s0x4ccde25186b18e9b:0x17379e13b8d018ac!8m2!3d45.4588638!4d-75.4920534!16s%2Fg%2F11b75q9h84!19sChIJm46xhlHizUwRrBjQuBOeNxc?authuser=0&hl=en&rclk=1,4.6,35
Your Best Property Inc.,Property management company,+1 416-830-4133,· 2592 Barcella Crescent,http://yourbestproperty.ca/,https://www.google.com/maps/place/Your+Best+Property+Inc./data=!4m7!3m6!1s0xd3ff21081106725:0x69c70b9d312b11d8!8m2!3d43.5207721!4d-79.670837!16s%2Fg%2F11jz7fxtwq!19sChIJJWcQgRDyPw0R2BErMZ0Lx2k?authuser=0&hl=en&rclk=1,5.0,4
Extreme Property Management,Property management company,+1 289-887-7494,· 9 Pine St N,https://www.extremepropertymanagement.com/,https://www.google.com/maps/place/Extreme+Property+Management/data=!4m7!3m6!1s0x89d35012de19eb7d:0x58f504a46f799538!8m2!3d43.1255612!4d-79.2044462!16s%2Fg%2F11dyzn6f9q!19sChIJfesZ3hJQ04kROJV5b6QE9Vg?authuser=0&hl=en&rclk=1,4.2,95
Canadian Apartment Management,Property management company,+1 519-746-6304,· 55 William St E,N/A,https://www.google.com/maps/place/Canadian+Apartment+Management/data=!4m7!3m6!1s0x882b8b0a1c1152d5:0x1898c2db3b95d221!8m2!3d43.4636893!4d-80.5186891!16s%2Fg%2F1hc0ss1bk!19sChIJ1VIRHAqLK4gRIdKVO9vCmBg?authuser=0&hl=en&rclk=1,1.0,1
New Ave Property Management Corp.,Property management company,+1 780-220-2502,· 17204 106a Ave NW,https://www.newavepmc.ca/,https://www.google.com/maps/place/New+Ave+Property+Management+Corp./data=!4m7!3m6!1s0x53a0215336ca2edd:0x29def6e674b9994!8m2!3d53.5522212!4d-113.6183828!16s%2Fg%2F11n9944czh!19sChIJ3S7KNlMhoFMRlJlLZ27vnQI?authuser=0&hl=en&rclk=1,3.0,2
Newport Property Management,Property management company,+1 250-598-2220,· ,http://www.newportrentals.ca/,https://www.google.com/maps/place/Newport+Property+Management/data=!4m7!3m6!1s0x548f7466b794a891:0x5efb31146abd912a!8m2!3d48.4234291!4d-123.3519517!16s%2Fg%2F1tmbvtpd!19sChIJkaiUt2Z0j1QRKpG9ahQx-14?authuser=0&hl=en&rclk=1,2.9,43
Great West Property Management Inc.,Property management company,+1 403-252-4411,· 1640 16 Ave NW,http://www.greatwestpropertymanagement.net/,https://www.google.com/maps/place/Great+West+Property+Management+Inc./data=!4m7!3m6!1s0x53716f972c011433:0xa249eeec24989f7f!8m2!3d51.0672116!4d-114.099337!16s%2Fg%2F1tkktjw5!19sChIJMxQBLJdvcVMRf5-YJOzuSaI?authuser=0&hl=en&rclk=1,2.8,11
Ashbridges Property Management,Property management company,+1 647-850-6180,· 2255B Queen St E #363,https://ashbridgespropertymanagement.ca/?utm_source=GMB&utm_medium=Map&utm_campaign=Canada,https://www.google.com/maps/place/Ashbridges+Property+Management/data=!4m7!3m6!1s0x89d4cdcfa2b8e697:0x7676ff99a5da63d7!8m2!3d43.6711758!4d-79.2941826!16s%2Fg%2F11f5_kzbcw!19sChIJl-a4os_N1IkR12PapZn_dnY?authuser=0&hl=en&rclk=1,4.7,17
ICC Property Management Ltd,Property management company,+1 647-559-4322,· 150 King St W suite 346,https://iccpropertymanagement.com/,https://www.google.com/maps/place/ICC+Property+Management+Ltd/data=!4m7!3m6!1s0x882b356a36ad03c1:0xef805d280bae8f0a!8m2!3d43.6481325!4d-79.3846555!16s%2Fg%2F11ssdd5p4_!19sChIJwQOtNmo1K4gRCo-uCyhdgO8?authuser=0&hl=en&rclk=1,3.8,16
CIR REALTY Property Management,Property management company,+1 403-300-0942,· 1935 32 Ave NE #144,http://www.cirrealtypropertymanagement.ca/,https://www.google.com/maps/place/CIR+REALTY+Property+Management/data=!4m7!3m6!1s0x537170f39cc00001:0x155d8f3f67568aa9!8m2!3d51.0808479!4d-114.0124803!16s%2Fg%2F11hyjkx46q!19sChIJAQDAnPNwcVMRqYpWZz-PXRU?authuser=0&hl=en&rclk=1,4.5,70
DASH Property Management Inc.,Property management company,+1 416-222-6175,· ,http://dashpm.ca/,https://www.google.com/maps/place/DASH+Property+Management+Inc./data=!4m7!3m6!1s0x882b34afd67436bb:0xf47d3177319c36b3!8m2!3d43.6744504!4d-79.3962108!16s%2Fg%2F1tm0tswr!19sChIJuzZ01q80K4gRszacMXcxffQ?authuser=0&hl=en&rclk=1,3.9,143
Harvard Property Management Inc,Property management company,+1 403-262-2722,· ,https://harvard.ca/property-management,https://www.google.com/maps/place/Harvard+Property+Management+Inc/data=!4m7!3m6!1s0x53716ffa3f329727:0xc0c3b71832b02899!8m2!3d51.052615!4d-114.0684495!16s%2Fg%2F11b5wpdpdn!19sChIJJ5cyP_pvcVMRmSiwMhi3w8A?authuser=0&hl=en&rclk=1,3.0,10
Limestone Property Management,Property management company,+1 613-530-3340,· 110 Railway St,http://www.limestonepropertymanagement.ca/,https://www.google.com/maps/place/Limestone+Property+Management/data=!4m7!3m6!1s0x4cd2aaff8e47af6d:0x6947b4e4b1cd3335!8m2!3d44.2480675!4d-76.4918256!16s%2Fg%2F1v44dlqv!19sChIJba9Hjv-q0kwRNTPNseS0R2k?authuser=0&hl=en&rclk=1,4.4,287
Forest City Property Management,Property management company,+1 519-719-1603,· 151B York St,http://www.forestcitypropertymanagement.ca/,https://www.google.com/maps/place/Forest+City+Property+Management/data=!4m7!3m6!1s0x882ef3a6180885c1:0xbe95956caa3b206f!8m2!3d42.9810153!4d-81.249118!16s%2Fg%2F11jvl5kgf8!19sChIJwYUIGKbzLogRbyA7qmyVlb4?authuser=0&hl=en&rclk=1,3.9,21
Canadian Property Stars,Property maintenance,+1 416-291-0334,· ,http://www.canadianpropertystars.com/,https://www.google.com/maps/place/Canadian+Property+Stars/data=!4m7!3m6!1s0x882b2e1661131671:0xaa1a7a21c8519352!8m2!3d43.776586!4d-79.4902961!16s%2Fg%2F11c3k2vlqn!19sChIJcRYTYRYuK4gRUpNRyCF6Gqo?authuser=0&hl=en&rclk=1,4.6,458
Casa Rental Management,Property management company,+1 604-273-6801,· 6086 Russ Baker Wy #110,https://casarentals.ca/,https://www.google.com/maps/place/Casa+Rental+Management/data=!4m7!3m6!1s0x54860b53a74b0fcb:0xbd7e1f54ae47f737!8m2!3d49.1797224!4d-123.150834!16s%2Fg%2F11h896jkqz!19sChIJyw9Lp1MLhlQRN_dHrlQffr0?authuser=0&hl=en&rclk=1,3.8,11
Frontline Property Management,Property management company,+1 705-309-1794,· 54 Queen St S,https://flpm.ca/,https://www.google.com/maps/place/Frontline+Property+Management/data=!4m7!3m6!1s0x882ae72c76e1cf17:0x8b2dd316d575920a!8m2!3d44.0201113!4d-79.8053974!16s%2Fg%2F11j6rjs5pg!19sChIJF8_hdiznKogRCpJ11RbTLYs?authuser=0&hl=en&rclk=1,4.4,33
Property Services Inc,Property management company,+1 416-977-0202,· 505 University Ave,https://www.propertyservicesinc.ca/,https://www.google.com/maps/place/Property+Services+Inc/data=!4m7!3m6!1s0x882b34c9222868f9:0xe424204dc91ebf29!8m2!3d43.6558458!4d-79.388143!16s%2Fg%2F1vppt4gz!19sChIJ-WgoIsk0K4gRKb8eyU0gJOQ?authuser=0&hl=en&rclk=1,5.0,4
Inland Property Management Ltd,Property management company,+1 780-461-1177,· 6718 75 Street NW,http://www.inlandpropertymanagement.ca/,https://www.google.com/maps/place/Inland+Property+Management+Ltd/data=!4m7!3m6!1s0x53a0188ee0ab1be7:0x708485658371aa7b!8m2!3d53.5026006!4d-113.44368!16s%2Fg%2F1wbrxg8x!19sChIJ5xur4I4YoFMRe6pxg2WFhHA?authuser=0&hl=en&rclk=1,2.7,39
Royale Grande Property Management,Property management company,+1 416-945-7902,· 235 Yorkland Blvd #1001,http://www.royalegrande.com/,https://www.google.com/maps/place/Royale+Grande+Property+Management/data=!4m7!3m6!1s0x882b38258dc10111:0xa79b0119d675c6fe!8m2!3d43.7719795!4d-79.3374952!16s%2Fg%2F1v4202j0!19sChIJEQHBjSU4K4gR_sZ11hkBm6c?authuser=0&hl=en&rclk=1,2.1,25
Central Erin Property Management,Property management company,+1 905-842-1429,· 151 Randall St,http://www.centralerin.com/,https://www.google.com/maps/place/Central+Erin+Property+Management/data=!4m7!3m6!1s0x882b5c8d19cf344f:0xba03b1ef3e456335!8m2!3d43.4456533!4d-79.6714128!16s%2Fg%2F1vqmj_r1!19sChIJTzTPGY1cK4gRNWNFPu-xA7o?authuser=0&hl=en&rclk=1,3.1,45
Times Property Management Inc.,Property management company,+1 905-882-4275,· ,http://timesproperty.ca/,https://www.google.com/maps/place/Times+Property+Management+Inc./data=!4m7!3m6!1s0x882b2b434877979b:0x1c31ee75413cbdfe!8m2!3d43.8414736!4d-79.3976744!16s%2Fg%2F1tddstxh!19sChIJm5d3SEMrK4gR_r08QXXuMRw?authuser=0&hl=en&rclk=1,4.1,104
AMR Property Management,Property management company,+1 705-728-9737,· 196 Blake St,http://www.amrpropertymanagement.com/,https://www.google.com/maps/place/AMR+Property+Management/data=!4m7!3m6!1s0x882aa316c223c50d:0x299de98bed42c32b!8m2!3d44.3955292!4d-79.6648523!16s%2Fg%2F11j8ptb459!19sChIJDcUjwhajKogRK8NC7YvpnSk?authuser=0&hl=en&rclk=1,3.7,120
Columbia Property Management Ltd,Property management company,+1 250-851-9310,· 388 1 Ave unit 100,http://www.columbiaproperty.ca/,https://www.google.com/maps/place/Columbia+Property+Management+Ltd/data=!4m7!3m6!1s0x537e2c5506904aa1:0x6f468b5af7ddcf88!8m2!3d50.6748676!4d-120.3396984!16s%2Fg%2F1tdvzkqx!19sChIJoUqQBlUsflMRiM_d91qLRm8?authuser=0&hl=en&rclk=1,2.8,103
